{
    "name": "root",
    "gauges": {
        "CheeseRunBehaviour.Policy.Entropy.mean": {
            "value": 0.03105779178440571,
            "min": 0.03105779178440571,
            "max": 0.6426501870155334,
            "count": 10
        },
        "CheeseRunBehaviour.Policy.Entropy.sum": {
            "value": 1552.8585205078125,
            "min": 1552.8585205078125,
            "max": 32133.15234375,
            "count": 10
        },
        "CheeseRunBehaviour.Environment.EpisodeLength.mean": {
            "value": 1.181362069717726,
            "min": 1.0902554241043434,
            "max": 1.1853146853146854,
            "count": 10
        },
        "CheeseRunBehaviour.Environment.EpisodeLength.sum": {
            "value": 27078.0,
            "min": 26080.0,
            "max": 27120.0,
            "count": 10
        },
        "CheeseRunBehaviour.Step.mean": {
            "value": 499997.0,
            "min": 49997.0,
            "max": 499997.0,
            "count": 10
        },
        "CheeseRunBehaviour.Step.sum": {
            "value": 499997.0,
            "min": 49997.0,
            "max": 499997.0,
            "count": 10
        },
        "CheeseRunBehaviour.Policy.ExtrinsicValueEstimate.mean": {
            "value": -0.12954190373420715,
            "min": -0.18611319363117218,
            "max": -0.10894162207841873,
            "count": 10
        },
        "CheeseRunBehaviour.Policy.ExtrinsicValueEstimate.sum": {
            "value": -2969.22998046875,
            "min": -4346.115234375,
            "max": -2605.883544921875,
            "count": 10
        },
        "CheeseRunBehaviour.Environment.CumulativeReward.mean": {
            "value": -0.14371100737315126,
            "min": -0.20597826086956522,
            "max": -0.14061282783692547,
            "count": 10
        },
        "CheeseRunBehaviour.Environment.CumulativeReward.sum": {
            "value": -3294.0,
            "min": -4927.0,
            "max": -3249.0,
            "count": 10
        },
        "CheeseRunBehaviour.Policy.ExtrinsicReward.mean": {
            "value": -0.14371100737315126,
            "min": -0.20597826086956522,
            "max": -0.14061282783692547,
            "count": 10
        },
        "CheeseRunBehaviour.Policy.ExtrinsicReward.sum": {
            "value": -3294.0,
            "min": -4927.0,
            "max": -3249.0,
            "count": 10
        },
        "CheeseRunBehaviour.Losses.PolicyLoss.mean": {
            "value": 0.024228001947825154,
            "min": 0.021480828408772745,
            "max": 0.02652095448846618,
            "count": 10
        },
        "CheeseRunBehaviour.Losses.PolicyLoss.sum": {
            "value": 0.12114000973912577,
            "min": 0.09245568317516395,
            "max": 0.1326047724423309,
            "count": 10
        },
        "CheeseRunBehaviour.Losses.ValueLoss.mean": {
            "value": 0.2108811843395233,
            "min": 0.21005697846412658,
            "max": 1.1578366761406262,
            "count": 10
        },
        "CheeseRunBehaviour.Losses.ValueLoss.sum": {
            "value": 1.0544059216976165,
            "min": 0.8879872649908066,
            "max": 4.631346704562505,
            "count": 10
        },
        "CheeseRunBehaviour.Policy.LearningRate.mean": {
            "value": 1.7315254228280015e-05,
            "min": 1.7315254228280015e-05,
            "max": 0.00028463745512085,
            "count": 10
        },
        "CheeseRunBehaviour.Policy.LearningRate.sum": {
            "value": 8.657627114140007e-05,
            "min": 8.657627114140007e-05,
            "max": 0.0012849228716924,
            "count": 10
        },
        "CheeseRunBehaviour.Policy.Epsilon.mean": {
            "value": 0.10577171999999999,
            "min": 0.10577171999999999,
            "max": 0.19487915,
            "count": 10
        },
        "CheeseRunBehaviour.Policy.Epsilon.sum": {
            "value": 0.5288586,
            "min": 0.45995679999999994,
            "max": 0.9283076000000001,
            "count": 10
        },
        "CheeseRunBehaviour.Policy.Beta.mean": {
            "value": 0.0002980088280000002,
            "min": 0.0002980088280000002,
            "max": 0.004744469585,
            "count": 10
        },
        "CheeseRunBehaviour.Policy.Beta.sum": {
            "value": 0.001490044140000001,
            "min": 0.001490044140000001,
            "max": 0.021422549239999998,
            "count": 10
        },
        "CheeseRunBehaviour.IsTraining.mean": {
            "value": 1.0,
            "min": 1.0,
            "max": 1.0,
            "count": 10
        },
        "CheeseRunBehaviour.IsTraining.sum": {
            "value": 1.0,
            "min": 1.0,
            "max": 1.0,
            "count": 10
        },
        "PenguinChaseBehaviour.Policy.Entropy.mean": {
            "value": 0.007787945680320263,
            "min": 0.007787945680320263,
            "max": 0.6183176040649414,
            "count": 10
        },
        "PenguinChaseBehaviour.Policy.Entropy.sum": {
            "value": 389.3894958496094,
            "min": 389.3894958496094,
            "max": 30916.5,
            "count": 10
        },
        "PenguinChaseBehaviour.Environment.EpisodeLength.mean": {
            "value": 2.130219745821073,
            "min": 1.920278004905969,
            "max": 2.149398500976255,
            "count": 10
        },
        "PenguinChaseBehaviour.Environment.EpisodeLength.sum": {
            "value": 34026.0,
            "min": 32879.0,
            "max": 34126.0,
            "count": 10
        },
        "PenguinChaseBehaviour.Step.mean": {
            "value": 499997.0,
            "min": 49996.0,
            "max": 499997.0,
            "count": 10
        },
        "PenguinChaseBehaviour.Step.sum": {
            "value": 499997.0,
            "min": 49996.0,
            "max": 499997.0,
            "count": 10
        },
        "PenguinChaseBehaviour.Policy.ExtrinsicValueEstimate.mean": {
            "value": -0.7370815873146057,
            "min": -1.052921175956726,
            "max": -0.7305967807769775,
            "count": 10
        },
        "PenguinChaseBehaviour.Policy.ExtrinsicValueEstimate.sum": {
            "value": -11773.404296875,
            "min": -18027.064453125,
            "max": -11704.4140625,
            "count": 10
        },
        "PenguinChaseBehaviour.Environment.CumulativeReward.mean": {
            "value": -0.7166468415451074,
            "min": -1.0228958588867472,
            "max": -0.7166468415451074,
            "count": 10
        },
        "PenguinChaseBehaviour.Environment.CumulativeReward.sum": {
            "value": -11447.0,
            "min": -17513.0,
            "max": -11413.0,
            "count": 10
        },
        "PenguinChaseBehaviour.Policy.ExtrinsicReward.mean": {
            "value": -0.7166468415451074,
            "min": -1.0228958588867472,
            "max": -0.7166468415451074,
            "count": 10
        },
        "PenguinChaseBehaviour.Policy.ExtrinsicReward.sum": {
            "value": -11447.0,
            "min": -17513.0,
            "max": -11413.0,
            "count": 10
        },
        "PenguinChaseBehaviour.Losses.PolicyLoss.mean": {
            "value": 0.0235872549811999,
            "min": 0.0222097766927133,
            "max": 0.025009446054076158,
            "count": 10
        },
        "PenguinChaseBehaviour.Losses.PolicyLoss.sum": {
            "value": 0.1179362749059995,
            "min": 0.08979155699101586,
            "max": 0.12504723027038078,
            "count": 10
        },
        "PenguinChaseBehaviour.Losses.ValueLoss.mean": {
            "value": 0.15658513526121776,
            "min": 0.15658513526121776,
            "max": 3.854642689228058,
            "count": 10
        },
        "PenguinChaseBehaviour.Losses.ValueLoss.sum": {
            "value": 0.7829256763060888,