{
    "name": "root",
    "metadata": {
        "timer_format_version": "0.1.0",
        "start_time_seconds": "1680332516",
        "python_version": "3.6.8 (tags/v3.6.8:3c6b436a57, Dec 24 2018, 00:16:47) [MSC v.1916 64 bit (AMD64)]",
        "command_line_arguments": "C:\\Users\\jeffr\\Documents\\LocalRepository\\4320-Project-FlappyCheese\\venv\\Scripts\\mlagents-learn config/PC.yaml --force",
        "mlagents_version": "0.28.0",
        "mlagents_envs_version": "0.28.0",
        "communication_protocol_version": "1.5.0",
        "pytorch_version": "1.7.0+cu110",
        "numpy_version": "1.19.5",
        "end_time_seconds": "1680332987"
    },
    "total": 471.2558049,
    "count": 1,
    "self": 0.006254699999999502,
    "children": {
        "run_training.setup": {
            "total": 0.0754778,
            "count": 1,
            "self": 0.0754778
        },
        "TrainerController.start_learning": {
            "total": 471.1740724,
            "count": 1,
            "self": 0.5443054000029406,
            "children": {
                "TrainerController._reset_env": {
                    "total": 8.1817414,
                    "count": 1,
                    "self": 8.1817414
                },
                "TrainerController.advance": {
                    "total": 462.33216769999706,
                    "count": 31590,
                    "self": 0.6439475999998194,
                    "children": {
                        "env_step": {
                            "total": 442.8647579999969,
                            "count": 31590,
                            "self": 270.36688510000477,
                            "children": {
                                "SubprocessEnvManager._take_step": {
                                    "total": 172.1959747999988,
                                    "count": 31590,
                                    "self": 2.408327099996825,
                                    "children": {
                                        "TorchPolicy.evaluate": {
                                            "total": 169.78764770000197,
                                            "count": 63102,
                                            "self": 72.57219139999673,
                                            "children": {
                                                "TorchPolicy.sample_actions": {
                                                    "total": 97.21545630000524,
                                                    "count": 63102,
                                                    "self": 97.21545630000524
                                                }
                                            }
                                        }
                                    }
                                },
                                "workers": {
                                    "total": 0.3018980999933518,
                                    "count": 31589,
                                    "self": 0.0,
                                    "children": {
                                        "worker_root": {
                                            "total": 460.8986545999984,
                                            "count": 31589,
                                            "is_parallel": true,
                                            "self": 219.86239010000057,
                                            "children": {
                                                "steps_from_proto": {
                                                    "total": 0.0005147,
                                                    "count": 2,
                                                    "is_parallel": true,
                                                    "self": 0.0002823,
                                                    "children": {
                                                        "_process_rank_one_or_two_observation": {
                                                            "total": 0.0002324,
                                                            "count": 8,
                                                            "is_parallel": true,
                                                            "self": 0.0002324
                                                        }
                                                    }
                                                },
                                                "UnityEnvironment.step": {
                                                    "total": 241.03574979999783,
                                                    "count": 31589,
                                                    "is_parallel": true,
                                                    "self": 2.6322147999929086,
                                                    "children": {
                                                        "UnityEnvironment._generate_step_input": {
                                                            "total": 2.0023062000018257,
                                                            "count": 31589,
                                                            "is_parallel": true,
                                                            "self": 2.0023062000018257
                                                        },
                                                        "communicator.exchange": {
                                                            "total": 222.77757620000017,
                                                            "count": 31589,
                                                            "is_parallel": true,
                                                            "self": 222.77757620000017
                                                        },
                                                        "steps_from_proto": {
                                                            "total": 13.623652600002924,
                                                            "count": 63178,
                                                            "is_parallel": true,
                                                            "self": 7.341567900010474,
                                                            "children": {
                                                                "_process_rank_one_or_two_observation": {
                                                                    "total": 6.28208469999245,
                                                                    "count": 252712,
                                                                    "is_parallel": true,
                                                                    "self": 6.28208469999245
                                                                }
                                                            }
                                                        }
                                                    }
                                                }
                                            }
                                        }
                                    }
                                }
                            }
                        },
                        "trainer_advance": {
                            "total": 18.823462100000334,
                            "count": 63178,
                            "self": 0.95979249999667,
                            "children": {
                                "process_trajectory": {
                                    "total": 5.7202698000036385,
                                    "count": 63178,
                                    "self": 5.7202698000036385
                                },
                                "_update_policy": {
                                    "total": 12.143399800000026,
                                    "count": 6,