{
    "name": "root",
    "gauges": {
        "PenguinChaseBehaviour.Policy.Entropy.mean": {
            "value": 0.441745787858963,
            "min": 0.4211990237236023,
            "max": 0.6865875124931335,
            "count": 10
        },
        "PenguinChaseBehaviour.Policy.Entropy.sum": {
            "value": 22094.357421875,
            "min": 21078.484375,
            "max": 34350.66015625,
            "count": 10
        },
        "PenguinChaseBehaviour.Step.mean": {
            "value": 499989.0,
            "min": 49967.0,
            "max": 499989.0,
            "count": 10
        },
        "PenguinChaseBehaviour.Step.sum": {
            "value": 499989.0,
            "min": 49967.0,
            "max": 499989.0,
            "count": 10
        },
        "PenguinChaseBehaviour.Policy.ExtrinsicValueEstimate.mean": {
            "value": 0.13322362303733826,
            "min": -1.0123456716537476,
            "max": 0.13322362303733826,
            "count": 10
        },
        "PenguinChaseBehaviour.Policy.ExtrinsicValueEstimate.sum": {
            "value": 109.11015319824219,
            "min": -817.975341796875,
            "max": 109.11015319824219,
            "count": 10
        },
        "PenguinChaseBehaviour.Environment.EpisodeLength.mean": {
            "value": 621.8,
            "min": 621.8,
            "max": 1016.1224489795918,
            "count": 10
        },
        "PenguinChaseBehaviour.Environment.EpisodeLength.sum": {
            "value": 49744.0,
            "min": 49007.0,
            "max": 50905.0,
            "count": 10
        },
        "PenguinChaseBehaviour.Environment.CumulativeReward.mean": {
            "value": 0.975,
            "min": -0.7142857142857143,
            "max": 0.975,
            "count": 10
        },
        "PenguinChaseBehaviour.Environment.CumulativeReward.sum": {
            "value": 78.0,
            "min": -35.0,
            "max": 78.0,
            "count": 10
        },
        "PenguinChaseBehaviour.Policy.ExtrinsicReward.mean": {
            "value": 0.975,
            "min": -0.7142857142857143,
            "max": 0.975,
            "count": 10
        },
        "PenguinChaseBehaviour.Policy.ExtrinsicReward.sum": {
            "value": 78.0,
            "min": -35.0,
            "max": 78.0,
            "count": 10
        },
        "PenguinChaseBehaviour.Losses.PolicyLoss.mean": {
            "value": 0.021820137199635305,
            "min": 0.02157494373464336,
            "max": 0.02530375482514501,
            "count": 10
        },
        "PenguinChaseBehaviour.Losses.PolicyLoss.sum": {
            "value": 0.10910068599817653,
            "min": 0.09205400625554225,
            "max": 0.12651877412572504,
            "count": 10
        },
        "PenguinChaseBehaviour.Losses.ValueLoss.mean": {
            "value": 0.004226397015154362,
            "min": 0.004226397015154362,
            "max": 0.026131544040981683,
            "count": 10
        },
        "PenguinChaseBehaviour.Losses.ValueLoss.sum": {
            "value": 0.021131985075771808,
            "min": 0.020805817741590245,
            "max": 0.10452617616392673,
            "count": 10
        },
        "PenguinChaseBehaviour.Policy.LearningRate.mean": {
            "value": 1.642125452628e-05,
            "min": 1.642125452628e-05,
            "max": 0.00028459905513365,
            "count": 10
        },
        "PenguinChaseBehaviour.Policy.LearningRate.sum": {
            "value": 8.21062726314e-05,
            "min": 8.21062726314e-05,
            "max": 0.0012842208719264004,
            "count": 10
        },
        "PenguinChaseBehaviour.Policy.Epsilon.mean": {
            "value": 0.10547372000000002,
            "min": 0.10547372000000002,
            "max": 0.19486635000000005,
            "count": 10
        },
        "PenguinChaseBehaviour.Policy.Epsilon.sum": {
            "value": 0.5273686000000001,
            "min": 0.5000524000000001,
            "max": 0.9280736,
            "count": 10
        },
        "PenguinChaseBehaviour.Policy.Beta.mean": {
            "value": 0.00028313862800000004,
            "min": 0.00028313862800000004,
            "max": 0.004743830865,
            "count": 10
        },
        "PenguinChaseBehaviour.Policy.Beta.sum": {
            "value": 0.00141569314,
            "min": 0.00141569314,
            "max": 0.021410872640000002,
            "count": 10
        },
        "PenguinChaseBehaviour.IsTraining.mean": {
            "value": 1.0,
            "min": 1.0,
            "max": 1.0,
            "count": 10
        },
        "PenguinChaseBehaviour.IsTraining.sum": {
            "value": 1.0,
            "min": 1.0,
            "max": 1.0,
            "count": 10
        }
    },
    "metadata": {
        "timer_format_version": "0.1.0",
        "start_time_seconds": "1680400158",
        "python_version": "3.6.8 (tags/v3.6.8:3c6b436a57, Dec 24 2018, 00:16:47) [MSC v.1916 64 bit (AMD64)]",
        "command_line_arguments": "C:\\Users\\jeffr\\Documents\\LocalRepository\\4320-Project-FlappyCheese\\venv\\Scripts\\mlagents-learn config/PC.yaml --force",
        "mlagents_version": "0.28.0",
        "mlagents_envs_version": "0.28.0",
        "communication_protocol_version": "1.5.0",
        "pytorch_version": "1.7.0+cu110",
        "numpy_version": "1.19.5",
        "end_time_seconds": "1680403911"
    },
    "total": 3752.3570987000003,
    "count": 1,
    "self": 0.008325800000420713,
    "children": {
        "run_training.setup": {
            "total": 0.1257207,
            "count": 1,
            "self": 0.1257207
        },
        "TrainerController.start_learning": {
            "total": 3752.2230522,
            "count": 1,
            "self": 8.042231799750425,
            "children": {
                "TrainerController._reset_env": {
                    "total": 6.200830799999999,
                    "count": 1,
                    "self": 6.200830799999999
                },
                "TrainerController.advance": {
                    "total": 3737.93359020025,
                    "count": 500523,
                    "self": 8.337235800225699,
                    "children": {
                        "env_step": {
                            "total": 3570.610206200057,
                            "count": 500523,
                            "self": 2040.9174987000854,
                            "children": {
                                "SubprocessEnvManager._take_step": {
                                    "total": 1524.5549957999285,
                                    "count": 500523,
                                    "self": 20.61773579998726,
                                    "children": {
                                        "TorchPolicy.evaluate": {
                                            "total": 1503.9372599999413,
                                            "count": 500053,
                                            "self": 670.3385829998952,
                                            "children": {
                                                "TorchPolicy.sample_actions": {
                                                    "total": 833.5986770000461,
                                                    "count": 500053,
                                                    "self": 833.5986770000461
                                                }
                                            }
                                        }
                                    }
                                },
                                "workers": {
                                    "total": 5.137711700042833,
                                    "count": 500523,
                                    "self": 0.0,
                                    "children": {
                                        "worker_root": {
                                            "total": 3735.369988000056,